modelref|modelcode,modelref|area,modelref|serialstart,modelref|program_h,modelref|program_f,modelref|gmstolpos,modelref|gmstolneg,modelref|op_current_base,modelref|op_current_tolpos,modelref|op_current_tolneg,modelref|in_power_base,modelref|in_power_tolpos,modelref|in_power_tolneg,modelref|temp_diff_base,modelref|temp_diff_tolpos,modelref|temp_diff_tolneg,modelref|ritheat1,modelref|ritheat2,modelref|pittws,modelref|spamsi_unique,spamso_outmodel_refs|outmodel
VARCHAR(14) REQUIRED UNIQUE,VARCHAR(14),VARCHAR(6),VARCHAR(6) NN:NN,VARCHAR(6) NN:NN,DECIMAL(4.2),DECIMAL(4.2),DECIMAL(4.2),DECIMAL(4.2),DECIMAL(4.2),DECIMAL(4.2),DECIMAL(4.2),DECIMAL(4.2),DECIMAL(4.2),DECIMAL(4.2),DECIMAL(4.2),ON or blank,ON or blank,ON or blank,VARCHAR(4) REQUIRED UNIQUE,VARCHAR(14)
CS-S10AKH,Domestic,YB2508,05:30,05:30,5,5,3.50,0.50,0.50,0.75,0.10,0.10,12.00,3.00,3.00,ON,ON,ON,A1,CU-S10AKH
CS-S13AKH,Export,YC2509,06:00,06:00,4,4,4.20,0.60,0.60,0.90,0.15,0.15,14.00,2.50,2.50,ON,,ON,B2,CU-S13AKH
CS-S18AKH,HongKong,YD2510,,,3,3,0,0,0,0,0,0,0,0,0,,,ON,C3,
CS-PN9WKQ,Domestic,PN0010,04:45,04:45,2.5,2.5,2.80,0.40,0.40,0.60,0.08,0.08,10.50,2.00,2.00,ON,,,D4,CU-PN9WKQ
CS-PN12WKQ,Domestic,PN0011,04:50,04:50,2.5,2.5,3.10,0.45,0.45,0.70,0.09,0.09,11.50,2.00,2.00,ON,,,E5,CU-PN12WKQ
CS-XU10XKQ,Export,XU1001,06:15,06:15,6.0,6.0,4.50,0.70,0.70,1.10,0.20,0.20,15.00,3.50,3.50,ON,ON,ON,F6,CU-XU10XKQ
CS-XU13XKQ,Export,XU1002,06:30,06:30,6.5,6.5,5.10,0.75,0.75,1.25,0.25,0.25,16.00,3.50,3.50,ON,ON,ON,G7,CU-XU13XKQ
CS-XU18XKQ,Export,XU1003,07:00,07:00,7.0,7.0,6.80,0.90,0.90,1.50,0.30,0.30,18.00,4.00,4.00,ON,ON,ON,H8,CU-XU18XKQ
CS-PU9XKQ,Domestic,PU0001,,,2.0,2.0,2.50,0.30,0.30,0.50,0.05,0.05,9.00,1.50,1.50,,,,I9,CU-PU9XKQ
CS-PU12XKQ,Domestic,PU0002,,,2.0,2.0,2.90,0.35,0.35,0.65,0.06,0.06,10.00,1.50,1.50,,,,J0,CU-PU12XKQ
