partref|modelcode,partref|module,partref|partno,partref|partdesc,partref|usage,partref|tag
VARCHAR(14) REQUIRED,VARCHAR(8) REQUIRED,VARCHAR(14) REQUIRED,VARCHAR(60),DECIMAL(4.2),VARCHAR(14)
CS-S10AKH,CRS,A0101-15460,Compressor 10AKH,1,Compressor
CS-S10AKH,CRS,A0201-34670,Fan Motor 10AKH,1,Fan Motor
CS-S10AKH,CRS,A0301-98760,Safety Fuse 10AKH,1,Safety Part
CS-S10AKH,CRS,A0401-11220,Power Board 10AKH,1,CB
CS-S10AKH,GMS,G0101-55330,Gas Charge R32 10AKH,1,Gas Charge
CS-S10AKH,SPAMSI,S0101-77880,Safety Label 10AKH,1,Safety Part
CS-S10AKH,SPAMSO,S0201-88990,Outdoor Safety 10AKH,1,Safety Part
CS-S13AKH,CRS,A0101-22330,Compressor 13AKH,1,Compressor
CS-S13AKH,CRS,A0201-44550,Fan Motor 13AKH,1,Fan Motor
CS-S13AKH,CRS,A0301-66770,Safety Fuse 13AKH,1,Safety Part
CS-S13AKH,GMS,G0101-99110,Gas Charge R32 13AKH,1,Gas Charge
CS-S13AKH,SPAMSI,S0101-33220,Safety Label 13AKH,1,Safety Part
CS-S13AKH,SPAMSO,S0201-44330,Outdoor Safety 13AKH,1,Safety Part
CS-S18AKH,CRS,A0101-55660,Compressor 18AKH,1,Compressor
CS-S18AKH,CRS,A0201-77880,Fan Motor 18AKH,1,Fan Motor
CS-S18AKH,CRS,A0301-99000,Safety Fuse 18AKH,1,Safety Part
CS-S18AKH,GMS,G0101-11220,Gas Charge R32 18AKH,1,Gas Charge
CS-S18AKH,SPAMSI,S0101-22330,Safety Label 18AKH,1,Safety Part
